{"acc": 0.99, "balanced_acc": 0.9859375, "prec": 0.99014411890678, "recall": 0.99, "f1_score": 0.989979772521568, "support": null, "conf_mat": [[300, 0, 0, 0], [0, 160, 0, 0], [0, 3, 155, 2], [1, 1, 0, 78]], "multi_cm": [[[399, 1], [0, 300]], [[536, 4], [0, 160]], [[540, 0], [5, 155]], [[618, 2], [2, 78]]], "conf_mat_normalized_all": [[0.42857142857142855, 0.0, 0.0, 0.0], [0.0, 0.22857142857142856, 0.0, 0.0], [0.0, 0.004285714285714286, 0.22142857142857142, 0.002857142857142857], [0.0014285714285714286, 0.0014285714285714286, 0.0, 0.11142857142857143]]}