{"acc": 0.9828571428571429, "balanced_acc": 0.978125, "prec": 0.9833187373484996, "recall": 0.9828571428571429, "f1_score": 0.9827444227305531, "support": null, "conf_mat": [[300, 0, 0, 0], [0, 160, 0, 0], [1, 7, 150, 2], [2, 0, 0, 78]], "multi_cm": [[[397, 3], [0, 300]], [[533, 7], [0, 160]], [[540, 0], [10, 150]], [[618, 2], [2, 78]]], "conf_mat_normalized_all": [[0.42857142857142855, 0.0, 0.0, 0.0], [0.0, 0.22857142857142856, 0.0, 0.0], [0.0014285714285714286, 0.01, 0.21428571428571427, 0.002857142857142857], [0.002857142857142857, 0.0, 0.0, 0.11142857142857143]]}