{"acc": 0.9814285714285714, "balanced_acc": 0.9734375, "prec": 0.9817327986913241, "recall": 0.9814285714285714, "f1_score": 0.9813523081025689, "support": null, "conf_mat": [[300, 0, 0, 0], [0, 160, 0, 0], [0, 8, 151, 1], [0, 0, 4, 76]], "multi_cm": [[[400, 0], [0, 300]], [[532, 8], [0, 160]], [[536, 4], [9, 151]], [[619, 1], [4, 76]]], "conf_mat_normalized_all": [[0.42857142857142855, 0.0, 0.0, 0.0], [0.0, 0.22857142857142856, 0.0, 0.0], [0.0, 0.011428571428571429, 0.21571428571428572, 0.0014285714285714286], [0.0, 0.0, 0.005714285714285714, 0.10857142857142857]]}